;cod;Setor;preco_atual;liquidez_diaria;dividendo;dy;dy_3m_acumulado;DY (6M)Acumulado;dy_12m_acumulado;dy_3m_media;dy_6m_media;dy_12m_media;dy_ano;variacao_preco;rentab_periodo;rentab_acumulada;patrimonio_liq;vpa;P/VPA;dy_patrimonial;VariaçãoPatrimonial;rentab_patr_periodo;rentab_patr_acumulada;vacancia_fisica;vacancia_financeira;qtd_ativos
0;FIVN11;Shoppings;3.08;87960.0;0.0;0.0;0.0;0.0;0.0;0.0;0.0;0.0;0.0;0.0;0.0;0.0;64722802.83;6.88;0.45;0.0;0.0;0.0;0.0;56.0;0.0;1
1;BZLI11;Títulos e Val. Mob.;14.7;440410.0;0.0;0.0;0.0;0.0;0.0;0.0;0.0;0.0;0.0;0.68;0.68;1.14;444984851.42;11.37;1.29;0.0;0.0;0.0;0.0;0.0;0.0;0
2;XTED11;Lajes Corporativas;6.95;11390.0;0.0;0.0;0.0;0.0;0.0;0.0;0.0;0.0;0.0;1.1;1.1;-37.83;25862448.6;13.97;0.5;0.0;0.0;0.0;0.0;0.0;100.0;1
3;ALMI11;Lajes Corporativas;1180.02;60.0;0.0;0.0;0.0;0.0;0.0;0.0;0.0;0.0;0.0;2.27;2.27;-28.29;229163662.27;2061.25;0.57;0.0;0.0;0.0;0.0;68.15;0.0;1
4;DOMC11;Lajes Corporativas;439.0;420.0;0.0;0.0;0.0;0.0;0.0;0.0;0.0;0.0;0.0;4.35;4.35;-10.0;269460438.3;110.26;3.98;0.0;0.0;0.0;0.0;23.44;0.0;1
5;PABY11;Híbrido;12.75;50.0;0.0;0.0;0.0;0.0;0.0;0.0;0.0;0.0;0.0;-19.84;-19.84;-31.62;-6281734.3;-8.28;-1.54;0.0;0.0;0.0;0.0;0.0;0.0;1
6;ORPD11;Títulos e Val. Mob.;132.55;20.0;1.38;0.0;0.0;0.0;0.0;0.0;0.0;0.0;0.0;0.0;0.0;0.0;43195265.41;148.95;0.89;0.0;0.0;0.0;0.0;0.0;0.0;0
7;RBCB11;Outros;19.0;1610.0;0.0;0.0;0.29;4.38;14.62;0.1;0.73;1.22;4.38;-71.35;-71.35;-75.16;0.0;0.0;inf;0.0;0.0;0.0;0.0;0.0;0.0;0
8;ATSA11;Shoppings;101.0;3730.0;0.25;0.18;0.59;1.3;2.97;0.2;0.22;0.25;0.37;0.74;0.92;1.1;172476158.75;98.49;1.03;0.0;0.0;0.0;0.0;21.7;0.0;1
9;XPHT11;Hotel;90.0;60.0;0.34;0.4;1.05;2.23;0.0;0.35;0.37;0.0;1.05;-18.27;-17.94;-16.89;330939050.81;86.98;1.03;0.0;0.0;0.0;0.0;81.6;0.0;5
10;HTMX11;Hotel;111.88;33670.0;0.0;0.0;0.8;2.2;5.41;0.27;0.37;0.45;0.8;-28.14;-28.14;-32.26;164389940.42;130.78;0.86;0.0;0.0;0.0;0.0;68.0;0.0;23
11;GSFI11;Shoppings;5.15;148570.0;0.0;0.03;0.03;0.03;0.03;0.01;0.0;0.0;0.03;0.0;0.03;0.03;909359665.72;13.28;0.39;0.0;0.0;0.0;0.0;11.2;0.0;10
12;NEWU11;Lajes Corporativas;36.35;50.0;0.0;0.0;0.0;0.56;16.63;0.0;0.09;1.39;0.61;-4.04;-4.04;-31.62;46662523.65;62.89;0.58;0.0;0.0;0.0;0.0;74.43;0.0;3
13;PRSV11;Lajes Corporativas;131.9;40.0;1.62;0.42;1.53;2.91;5.95;0.51;0.48;0.5;4.46;5.3;5.74;-11.25;46355327.15;237.72;0.55;0.0;0.0;0.0;0.0;40.9;0.0;2
14;FAMB11B;Lajes Corporativas;1205.01;110.0;9.16;0.56;2.17;4.78;10.43;0.72;0.8;0.87;8.82;-47.8;-47.51;-47.8;365096455.45;3483.74;0.35;0.0;0.0;0.0;0.0;100.0;0.0;1
15;FMOF11;Lajes Corporativas;67.59;550.0;0.64;0.0;0.0;0.0;0.0;0.0;0.0;0.0;0.0;0.0;0.0;0.0;67036039.33;131.96;0.51;0.0;0.0;0.0;0.0;50.0;0.0;1
17;RBDS11;Residencial;20.0;1360.0;0.0;0.0;0.0;0.0;0.0;0.0;0.0;0.0;0.0;0.0;0.0;0.0;3067190.38;24.24;0.83;0.0;0.0;0.0;0.0;0.0;0.0;0
18;WPLZ11;Shoppings;63.72;160.0;0.1;0.15;0.15;0.0;0.0;0.05;0.0;0.0;0.15;-3.64;-3.5;-3.5;106880016.87;104.71;0.61;0.0;0.0;0.0;0.0;11.1;0.0;1
19;KNRE11;Residencial;2.42;29790.0;0.0;0.0;0.0;0.0;0.0;0.0;0.0;0.0;0.0;0.0;0.0;0.0;38017665.53;2.05;1.18;0.0;0.0;0.0;0.0;0.0;0.0;0
20;VXXV11;Outros;721.55;14450.0;10.76;0.0;0.0;0.0;0.0;0.0;0.0;0.0;0.0;0.0;0.0;0.0;25290452.82;486.35;1.48;0.0;0.0;0.0;0.0;0.0;0.0;0
21;DMAC11;Residencial;11.99;29940.0;29.05;36.32;37.99;40.96;45.22;12.66;6.83;3.77;39.24;-23.09;4.85;2.99;1431702.82;9.17;1.31;0.0;0.0;0.0;0.0;0.0;0.0;0
22;HRDF11;Híbrido;1.42;27320.0;6.8;0.0;0.0;0.0;0.0;0.0;0.0;0.0;0.0;0.0;0.0;0.0;12681699.64;1.67;0.85;0.0;0.0;0.0;0.0;0.0;0.0;0
23;CJCT11;Lajes Corporativas;60.0;125600.0;0.0;0.0;0.0;0.0;0.0;0.0;0.0;0.0;0.0;0.0;0.0;0.0;182515132.29;67.35;0.89;0.0;0.0;0.0;0.0;59.0;0.0;1
24;HCRI11;Hospital;426.3;2830.0;3.08;0.0;0.0;0.0;0.0;0.0;0.0;0.0;0.0;0.0;0.0;0.0;60866768.76;304.33;1.4;0.0;0.0;0.0;0.0;0.0;0.0;1
25;VVPR11;Híbrido;97.9;65030.0;0.62;0.0;0.0;0.0;0.0;0.0;0.0;0.0;0.0;0.0;0.0;0.0;230577817.74;100.0;0.98;0.0;0.0;0.0;0.0;0.0;0.0;6
26;BPML11;Shoppings;88.21;480.0;0.61;0.0;0.0;0.0;0.0;0.0;0.0;0.0;0.0;0.0;0.0;0.0;584587292.43;135.79;0.65;0.0;0.0;0.0;0.0;6.1;0.0;7
27;KINP11;Residencial;13.01;2190.0;0.19;0.0;0.0;0.0;0.0;0.0;0.0;0.0;0.0;0.0;0.0;0.0;59156614.23;8.28;1.57;0.0;0.0;0.0;0.0;0.0;0.0;0
28;LFTT11;Residencial;102.01;6290.0;0.75;0.0;0.0;0.0;0.0;0.0;0.0;0.0;0.0;0.0;0.0;0.0;426227529.7;60.68;1.68;0.0;0.0;0.0;0.0;0.0;0.0;0
29;AFOF11;Títulos e Val. Mob.;102.68;18220.0;8.76;8.76;8.76;8.76;16.82;2.92;1.46;1.4;16.82;0.0;8.76;17.52;39074015.74;106.43;0.96;0.0;0.0;0.0;0.0;0.0;0.0;0
30;IFIE11;Títulos e Val. Mob.;86.1;2810.0;0.41;0.42;1.32;2.52;0.0;0.44;0.42;0.0;1.75;-2.27;-1.85;4.87;77156683.58;85.68;1.0;0.0;0.0;0.0;0.0;0.0;0.0;0
32;RBLG11;Logística;101.0;20.0;0.33;0.0;0.0;0.0;0.0;0.0;0.0;0.0;0.0;0.0;0.0;0.0;73209362.34;114.35;0.88;0.0;0.0;0.0;0.0;0.0;0.0;1
33;HSRE11;Híbrido;97.0;400000.0;0.54;0.0;0.0;0.0;0.0;0.0;0.0;0.0;0.0;0.0;0.0;0.0;829289358.63;97.36;1.0;0.0;0.0;0.0;0.0;0.0;0.0;2
34;DRIT11B;Lajes Corporativas;113.78;260.0;0.33;0.28;0.8;0.0;0.0;0.27;0.0;0.0;1.28;5.78;6.07;-7.42;60528792.49;130.65;0.87;0.0;0.0;0.0;0.0;15.68;0.0;6
35;JRDM11;Shoppings;66.25;4900.0;0.16;0.23;1.11;2.14;2.64;0.37;0.36;0.22;1.59;-0.83;-0.6;5.27;221291821.51;87.71;0.76;0.0;0.0;0.0;0.0;4.59;0.0;1
36;MFII11;Híbrido;114.9;116160.0;0.92;0.86;2.4;4.73;9.45;0.8;0.79;0.79;4.73;-6.72;-5.92;-15.54;471039211.8;118.54;0.97;0.0;0.0;0.0;0.0;0.0;0.0;9
37;NEWL11;Híbrido;106.25;4980.0;1.08;1.03;2.74;5.31;9.96;0.91;0.88;0.83;5.31;-0.87;0.15;4.38;216809218.22;106.63;1.0;0.0;0.0;0.0;0.0;0.0;0.0;2
38;HSML11;Shoppings;87.03;292700.0;0.4;0.45;1.08;2.2;4.68;0.36;0.37;0.39;2.2;-1.86;-1.42;-6.56;1498621894.76;94.97;0.92;0.0;0.0;0.0;0.0;6.7;0.0;5
39;RBVA11;Outros;114.37;56930.0;1.24;1.1;2.65;5.02;9.42;0.88;0.84;0.79;5.02;1.91;3.03;4.34;1317979877.14;113.73;1.01;0.0;0.0;0.0;0.0;0.7;0.0;72
40;CXTL11;Logística;412.88;50.0;0.85;0.22;2.95;0.0;0.0;0.98;0.0;0.0;3.1;4.3;4.53;32.88;34506021.04;643.81;0.64;0.0;0.0;0.0;0.0;60.6;65.0;4
41;RBGS11;Shoppings;38.49;630.0;0.17;0.47;0.74;2.39;0.0;0.25;0.4;0.0;2.39;-3.41;-2.95;-10.1;97675616.59;90.61;0.42;0.0;0.0;0.0;0.0;11.5;0.0;1
42;NVHO11;Hospital;12.83;470.0;0.07;0.51;1.46;2.68;6.3;0.49;0.45;0.52;2.68;-5.07;-4.58;-34.08;513660536.8;12.38;1.04;0.0;0.0;0.0;0.0;0.0;0.0;1
43;TGAR11;Outros;133.0;303660.0;1.11;0.84;2.58;5.17;10.28;0.86;0.86;0.86;5.17;-4.83;-4.03;-3.23;1487042542.65;131.49;1.01;0.0;0.0;0.0;0.0;0.0;0.0;0
44;HGBS11;Shoppings;200.96;48870.0;0.5;0.25;0.62;1.57;2.73;0.21;0.26;0.23;1.57;0.43;0.68;-5.48;2195761211.36;219.58;0.92;0.0;0.0;0.0;0.0;8.44;0.0;17
45;HGLG11;Logística;169.01;665200.0;2.2;1.3;2.34;3.66;7.26;0.78;0.61;0.61;3.66;-0.55;0.74;-2.67;2703569719.36;146.64;1.15;0.0;0.0;0.0;0.0;6.9;7.7;17
46;TRXF11;Outros;103.16;173150.0;0.7;0.68;1.99;3.92;7.41;0.66;0.65;0.62;3.92;-1.88;-1.21;0.97;599741902.13;106.31;0.97;0.0;0.0;0.0;0.0;0.0;0.0;44
47;KNIP11;Títulos e Val. Mob.;109.7;501990.0;1.1;1.03;2.95;5.98;10.7;0.98;1.0;0.89;5.98;-2.51;-1.51;-0.32;4813931680.49;102.13;1.07;0.0;0.0;0.0;0.0;0.0;0.0;0
48;VIFI11;Títulos e Val. Mob.;87.85;22710.0;0.65;0.77;2.12;4.09;8.05;0.71;0.68;0.67;4.09;-5.14;-4.41;-6.14;269339375.89;95.77;0.92;0.0;0.0;0.0;0.0;0.0;0.0;0
49;TEPP11;Lajes Corporativas;80.83;36180.0;0.42;0.54;1.64;3.22;6.55;0.55;0.54;0.55;3.22;-1.18;-0.66;-10.45;398918056.56;94.49;0.86;0.0;0.0;0.0;0.0;13.0;0.0;4
50;RBIV11;Títulos e Val. Mob.;86.61;14950.0;0.65;0.77;2.41;4.92;8.6;0.8;0.82;0.72;4.92;1.56;2.34;7.3;163252826.11;94.5;0.92;0.0;0.0;0.0;0.0;0.0;0.0;0
51;XPPR11;Outros;70.01;264860.0;0.48;0.73;2.19;4.17;8.88;0.73;0.7;0.74;4.17;2.42;3.17;-15.23;627568865.87;85.78;0.82;0.0;0.0;0.0;0.0;47.0;0.0;4
52;PLOG11;Logística;89.12;12280.0;0.68;0.76;2.17;0.0;0.0;0.72;0.0;0.0;2.17;-4.26;-3.53;-5.12;71495543.36;95.33;0.93;0.0;0.0;0.0;0.0;0.0;0.0;1
53;LVBI11;Logística;105.39;163350.0;0.58;0.55;1.58;2.88;5.43;0.53;0.48;0.45;2.43;0.44;0.99;-8.04;1298931844.06;110.31;0.96;0.0;0.0;0.0;0.0;3.0;0.0;9
54;FIGS11;Shoppings;65.49;53330.0;0.29;0.47;0.89;1.94;0.0;0.3;0.32;0.0;1.94;3.65;4.14;-6.24;269145540.06;94.44;0.69;0.0;0.0;0.0;0.0;12.0;0.0;2
55;HUSC11;Outros;123.5;1320.0;0.73;0.59;1.68;3.16;6.07;0.56;0.53;0.51;3.16;-7.46;-6.92;-16.8;103527668.31;130.29;0.95;0.0;0.0;0.0;0.0;0.0;0.0;0
56;PATL11;Híbrido;83.3;76410.0;0.57;0.68;1.93;3.75;0.0;0.64;0.62;0.0;3.75;-7.34;-6.71;-7.56;477672328.39;95.7;0.87;0.0;0.0;0.0;0.0;7.0;0.0;2
57;HGRE11;Lajes Corporativas;143.9;152880.0;1.38;1.04;2.06;3.45;6.27;0.69;0.57;0.52;3.45;3.26;4.33;-8.34;1993908332.77;168.72;0.85;0.0;0.0;0.0;0.0;22.34;24.48;21
58;HPDP11;Shoppings;81.0;290.0;0.3;0.39;0.55;1.18;0.0;0.18;0.2;0.0;1.18;-6.31;-5.95;-9.29;291754173.69;100.3;0.81;0.0;0.0;0.0;0.0;4.0;0.0;1
59;VINO11;Lajes Corporativas;59.94;269130.0;0.45;0.76;2.24;4.4;8.04;0.75;0.73;0.67;4.4;-1.28;-0.53;-2.58;756120700.67;59.66;1.0;0.0;0.0;0.0;0.0;3.7;0.0;9
60;HGPO11;Lajes Corporativas;229.0;5910.0;1.57;0.72;1.71;3.04;5.62;0.57;0.51;0.47;3.04;-0.83;-0.12;-2.88;422759429.14;241.16;0.95;0.0;0.0;0.0;0.0;0.0;0.0;2
61;XPCM11;Lajes Corporativas;41.9;50630.0;0.41;0.98;2.86;5.39;16.55;0.95;0.9;1.38;5.39;4.75;5.77;-24.12;171994554.85;71.23;0.59;0.0;0.0;0.0;0.0;100.0;0.0;1
62;SDIL11;Logística;94.9;62780.0;0.55;0.6;1.84;3.6;6.92;0.61;0.6;0.58;3.6;-2.8;-2.22;-8.63;643869641.19;100.68;0.94;0.0;0.0;0.0;0.0;8.3;0.0;5
63;RBFF11;Títulos e Val. Mob.;66.7;34190.0;0.47;0.73;2.19;4.1;8.61;0.73;0.68;0.72;4.1;-5.69;-5.01;-9.63;260724399.45;69.58;0.96;0.0;0.0;0.0;0.0;0.0;0.0;0
64;IFID11;Títulos e Val. Mob.;87.5;3720.0;0.78;0.88;2.57;0.0;0.0;0.86;0.0;0.0;3.26;-5.84;-5.01;-8.57;67760427.7;90.57;0.97;0.0;0.0;0.0;0.0;0.0;0.0;0
65;HFOF11;Títulos e Val. Mob.;94.49;105020.0;0.6;0.63;1.83;3.45;6.57;0.61;0.57;0.55;3.45;-4.9;-4.29;-5.66;2051533076.21;95.21;0.99;0.0;0.0;0.0;0.0;0.0;0.0;0
66;KNCR11;Títulos e Val. Mob.;92.35;339870.0;0.4;0.44;1.15;2.09;4.12;0.38;0.35;0.34;2.09;-1.12;-0.68;3.47;3869688643.01;98.98;0.93;0.0;0.0;0.0;0.0;0.0;0.0;0
67;MFAI11;Híbrido;90.4;19950.0;0.64;0.68;2.45;4.63;12.67;0.82;0.77;1.06;4.63;-5.49;-4.85;-16.07;28247890.8;93.17;0.97;0.0;0.0;0.0;0.0;0.0;0.0;0
68;JFLL11;Residencial;90.65;17770.0;0.62;0.68;1.98;0.0;0.0;0.66;0.0;0.0;3.37;-3.73;-3.07;-5.68;145090606.23;96.69;0.94;0.0;0.0;0.0;0.0;30.0;0.0;2
69;VRTA11;Títulos e Val. Mob.;112.29;101180.0;1.02;0.93;2.63;4.98;8.71;0.88;0.83;0.73;4.98;-2.51;-1.6;-0.57;1003482292.8;100.35;1.12;0.0;0.0;0.0;0.0;0.0;0.0;0
71;EVBI11;Híbrido;100.0;440.0;0.64;0.64;1.88;0.0;0.0;0.63;0.0;0.0;3.07;-2.09;-1.46;2.98;109870836.84;101.5;0.99;0.0;0.0;0.0;0.0;0.0;0.0;2
72;GALG11;Híbrido;108.0;94310.0;0.84;0.8;2.31;4.52;0.0;0.77;0.75;0.0;4.52;-4.81;-4.04;-1.03;588721429.27;104.88;1.03;0.0;0.0;0.0;0.0;0.0;0.0;6
73;PORD11;Títulos e Val. Mob.;99.99;62260.0;1.04;1.01;2.86;5.27;10.05;0.95;0.88;0.84;5.27;-0.49;0.52;4.4;370159120.25;99.28;1.01;0.0;0.0;0.0;0.0;0.0;0.0;0
74;URPR11;Outros;122.12;426950.0;2.4;1.89;4.43;9.97;18.56;1.48;1.66;1.55;9.97;1.03;2.94;8.51;164441546.42;99.04;1.23;0.0;0.0;0.0;0.0;0.0;0.0;0
75;RNDP11;Títulos e Val. Mob.;709.48;20.0;4.26;0.6;1.83;3.16;5.65;0.61;0.53;0.47;3.16;-0.42;0.18;-6.73;82314886.55;765.86;0.93;0.0;0.0;0.0;0.0;0.0;0.0;0
76;BCIA11;Títulos e Val. Mob.;95.74;32670.0;0.64;0.68;1.96;3.74;6.97;0.65;0.62;0.58;3.74;-3.72;-3.07;-13.79;398917797.85;107.26;0.89;0.0;0.0;0.0;0.0;0.0;0.0;0
77;NSLU11;Hospital;257.85;2160.0;2.1;0.87;2.27;4.17;8.79;0.76;0.7;0.73;3.61;-3.6;-2.76;-8.81;244478758.64;213.56;1.21;0.0;0.0;0.0;0.0;0.0;0.0;1
78;GTWR11;Lajes Corporativas;100.79;197350.0;0.67;0.66;1.91;3.8;7.35;0.64;0.63;0.61;3.8;-5.79;-5.17;-3.46;1210845452.74;100.9;1.0;0.0;0.0;0.0;0.0;0.0;0.0;1
79;VOTS11;Títulos e Val. Mob.;82.51;10.0;0.7;0.88;1.98;3.29;5.74;0.66;0.55;0.48;3.29;-3.05;-2.21;2.05;82221681.62;99.31;0.83;0.0;0.0;0.0;0.0;0.0;0.0;0
80;PATC11;Lajes Corporativas;67.2;46260.0;0.31;0.47;1.39;2.54;4.56;0.46;0.42;0.38;2.54;-1.7;-1.24;-18.73;298816888.03;85.93;0.78;0.0;0.0;0.0;0.0;13.6;11.6;6
81;VGHF11;Títulos e Val. Mob.;9.96;896460.0;0.13;1.34;3.19;0.0;0.0;1.06;0.0;0.0;3.19;1.57;2.94;0.42;159232391.41;9.67;1.03;0.0;0.0;0.0;0.0;0.0;0.0;0
82;HSLG11;Logística;103.97;15680.0;0.58;0.58;1.66;3.21;0.0;0.55;0.53;0.0;3.21;-6.03;-5.48;-9.6;1428226146.56;112.81;0.92;0.0;0.0;0.0;0.0;3.3;0.0;5
83;XPCI11;Outros;100.72;471350.0;1.0;1.0;2.9;5.55;9.79;0.97;0.92;0.82;5.55;0.51;1.51;9.6;634175410.88;96.57;1.04;0.0;0.0;0.0;0.0;0.0;0.0;0
84;CXCO11;Lajes Corporativas;99.9;71140.0;0.66;0.65;0.0;0.0;0.0;0.0;0.0;0.0;1.92;-0.86;-0.21;3.46;393310347.26;100.22;1.0;0.0;0.0;0.0;0.0;0.0;0.0;0
85;VLOL11;Lajes Corporativas;102.2;14360.0;0.44;0.45;1.26;2.51;5.1;0.42;0.42;0.43;2.51;-2.03;-1.59;-3.43;173179144.49;97.03;1.05;0.0;0.0;0.0;0.0;4.0;0.0;1
86;VTLT11;Logística;104.7;79300.0;0.75;0.73;2.1;4.07;7.8;0.7;0.68;0.65;4.07;-5.29;-4.6;-8.01;216198975.83;102.22;1.02;0.0;0.0;0.0;0.0;0.0;0.0;1
88;LASC11;Shoppings;92.0;60.0;0.37;0.41;0.88;2.44;4.47;0.29;0.41;0.37;2.44;-3.04;-2.64;-6.59;259787014.62;103.16;0.89;0.0;0.0;0.0;0.0;3.5;0.0;3
89;VSHO11;Shoppings;82.2;100.0;0.53;0.68;1.29;1.68;0.0;0.43;0.28;0.0;1.68;5.16;5.87;-3.12;213521425.45;101.74;0.81;0.0;0.0;0.0;0.0;6.99;0.0;3
90;HABT11;Títulos e Val. Mob.;127.53;224850.0;2.0;1.61;4.51;7.76;14.31;1.5;1.29;1.19;7.76;-1.39;0.2;7.24;536446500.11;99.12;1.29;0.0;0.0;0.0;0.0;0.0;0.0;0
91;HGIC11;Títulos e Val. Mob.;107.06;1840.0;0.82;0.76;2.26;0.0;0.0;0.75;0.0;0.0;2.26;0.28;1.05;9.74;21961867.74;103.49;1.03;0.0;0.0;0.0;0.0;0.0;0.0;0
92;HOSI11;Híbrido;81.82;7110.0;0.56;0.7;2.05;4.07;6.54;0.68;0.68;0.54;4.07;-0.31;0.38;-1.87;53006213.94;92.43;0.89;0.0;0.0;0.0;0.0;0.0;0.0;2
93;MXRF11;Híbrido;10.13;8108600.0;0.07;0.69;2.1;4.37;8.11;0.7;0.73;0.68;4.37;-3.97;-3.31;-0.18;2260292862.71;10.0;1.01;0.0;0.0;0.0;0.0;0.0;0.0;0
94;FPAB11;Lajes Corporativas;249.99;20.0;1.6;0.59;1.46;2.73;6.29;0.49;0.46;0.52;2.73;1.91;2.51;-5.96;335907327.52;447.88;0.56;0.0;0.0;0.0;0.0;38.34;0.0;1
95;EURO11;Logística;206.34;1260.0;1.4;0.68;1.97;3.86;7.11;0.66;0.64;0.59;3.86;-0.94;-0.27;-1.64;108916955.34;283.69;0.73;0.0;0.0;0.0;0.0;0.0;0.0;6
96;BBRC11;Outros;112.18;18900.0;0.85;0.75;2.3;4.61;8.59;0.77;0.77;0.72;4.61;-3.22;-2.49;-6.74;179470745.81;112.87;0.99;0.0;0.0;0.0;0.0;5.4;2.1;20
97;BNFS11;Outros;126.07;4120.0;1.02;0.8;2.63;5.05;9.7;0.88;0.84;0.81;5.05;2.38;3.2;5.64;72845514.53;104.07;1.21;0.0;0.0;0.0;0.0;0.0;0.0;18
98;FIIB11;Híbrido;490.5;3900.0;3.72;0.77;2.07;3.79;6.67;0.69;0.63;0.56;3.25;-3.91;-3.17;-5.52;302576317.04;441.72;1.11;0.0;0.0;0.0;0.0;4.52;0.0;1
99;KISU11;Títulos e Val. Mob.;101.22;135060.0;0.7;0.63;1.7;3.64;0.0;0.57;0.61;0.0;3.64;-7.19;-6.61;6.91;424947504.11;96.15;1.05;0.0;0.0;0.0;0.0;0.0;0.0;0
100;BPFF11;Títulos e Val. Mob.;77.31;72110.0;0.57;0.75;2.2;4.37;8.11;0.73;0.73;0.68;4.37;-4.03;-3.31;-0.79;363414679.16;80.9;0.96;0.0;0.0;0.0;0.0;0.0;0.0;0
101;BBFO11;Títulos e Val. Mob.;83.68;7810.0;0.54;0.68;1.76;0.0;0.0;0.59;0.0;0.0;3.21;-10.61;-10.01;-12.41;360330864.4;89.99;0.93;0.0;0.0;0.0;0.0;0.0;0.0;0
102;LUGG11;Residencial;94.35;4850.0;0.59;0.62;1.72;3.19;5.8;0.57;0.53;0.48;3.19;-0.56;0.06;-2.48;112212711.59;124.68;0.76;0.0;0.0;0.0;0.0;2.0;0.0;4
103;PLRI11;Títulos e Val. Mob.;47.99;210.0;0.32;0.67;1.8;3.26;6.58;0.6;0.54;0.55;3.26;4.28;4.99;5.69;48975327.25;51.32;0.94;0.0;0.0;0.0;0.0;0.0;0.0;0
104;SHPH11;Shoppings;802.06;1200.0;1.95;0.24;0.75;2.23;3.35;0.25;0.37;0.28;1.27;0.0;0.24;-0.33;501304789.65;823.23;0.97;0.0;0.0;0.0;0.0;13.6;0.0;1
106;AIEC11;Lajes Corporativas;85.78;41630.0;0.57;0.69;1.97;3.81;0.0;0.66;0.64;0.0;3.81;-6.63;-5.98;-8.7;483563218.73;100.22;0.86;0.0;0.0;0.0;0.0;0.0;0.0;2
107;LGCP11;Logística;89.69;18980.0;0.54;0.61;1.79;3.37;6.24;0.6;0.56;0.52;3.37;-5.48;-4.91;-6.8;270064177.99;98.82;0.91;0.0;0.0;0.0;0.0;0.0;0.0;5
108;BBPO11;Lajes Corporativas;115.13;87710.0;1.08;0.94;2.81;5.64;10.4;0.94;0.94;0.87;5.64;-0.25;0.69;5.87;1531018537.44;96.17;1.2;0.0;0.0;0.0;0.0;0.0;0.0;64
109;AFCR11;Híbrido;110.1;71750.0;1.55;1.4;3.29;5.94;10.57;1.1;0.99;0.88;5.94;-0.91;0.47;2.38;121528154.28;102.36;1.08;0.0;0.0;0.0;0.0;0.0;0.0;0
110;RRCI11;Títulos e Val. Mob.;85.6;9890.0;0.73;0.86;2.43;0.0;0.0;0.81;0.0;0.0;3.88;-2.84;-2.01;-0.18;46285089.7;96.08;0.89;0.0;0.0;0.0;0.0;0.0;0.0;0
111;RBED11;Outros;145.32;9360.0;1.03;0.73;2.15;4.2;7.94;0.72;0.7;0.66;4.2;-4.11;-3.41;-4.2;303858209.87;150.3;0.97;0.0;0.0;0.0;0.0;0.0;0.0;5
112;FIIP11B;Logística;194.0;6020.0;1.26;0.65;1.78;3.58;5.9;0.59;0.6;0.49;3.58;-4.69;-4.06;-2.6;184974107.19;199.51;0.97;0.0;0.0;0.0;0.0;0.0;0.0;7
114;SARE11;Híbrido;94.52;73480.0;0.62;0.63;1.9;3.78;5.2;0.63;0.63;0.43;3.78;-2.57;-1.96;7.1;535790101.03;100.06;0.94;0.0;0.0;0.0;0.0;2.1;0.0;3
115;HBRH11;Híbrido;97.37;3310.0;0.66;0.71;2.06;0.0;0.0;0.69;0.0;0.0;2.73;-1.71;-1.01;-4.98;245681971.26;109.4;0.89;0.0;0.0;0.0;0.0;0.0;0.0;3
116;BARI11;Títulos e Val. Mob.;106.61;242830.0;1.07;1.02;2.93;7.1;13.24;0.98;1.18;1.1;7.1;-2.4;-1.4;-1.98;471004814.65;101.64;1.05;0.0;0.0;0.0;0.0;0.0;0.0;0
117;ABCP11;Shoppings;73.0;23800.0;0.51;0.74;1.27;2.58;0.0;0.42;0.43;0.0;2.58;-5.11;-4.41;-9.06;1080029904.46;88.5;0.82;0.0;0.0;0.0;0.0;8.9;0.0;1
118;BBFI11B;Lajes Corporativas;2529.23;2240.0;19.03;0.73;3.02;6.85;12.84;1.01;1.14;1.07;6.85;-0.19;0.54;22.92;327841152.42;2521.86;1.0;1.19;-0.1;1.09;4.5;72.2;0.0;2
119;BICR11;Títulos e Val. Mob.;97.11;1030.0;0.3;0.32;1.03;1.78;3.15;0.34;0.3;0.26;1.78;-0.94;-0.62;-4.55;49536739.3;99.07;0.98;0.0;0.0;0.0;0.0;0.0;0.0;0
120;CBOP11;Lajes Corporativas;73.0;4670.0;0.5;0.67;2.0;3.96;8.35;0.67;0.66;0.7;3.96;4.18;4.88;7.63;128289370.64;90.66;0.81;0.0;0.0;0.0;0.0;10.37;9.44;1
121;CTXT11;Lajes Corporativas;23.11;2930.0;0.09;0.39;0.78;1.36;5.53;0.26;0.23;0.46;1.36;-2.58;-2.2;-39.31;125384663.85;48.33;0.48;0.0;0.0;0.0;0.0;58.0;0.0;1
122;CXCE11B;Outros;87.8;15560.0;0.91;1.01;3.09;6.14;11.22;1.03;1.02;0.93;6.14;7.0;8.08;-7.26;138989389.34;81.14;1.08;0.0;0.0;0.0;0.0;0.0;0.0;1
123;EDFO11B;Lajes Corporativas;266.0;630.0;1.35;0.55;1.64;3.34;6.73;0.55;0.56;0.56;3.34;-2.0;-1.46;1.26;50091327.59;212.25;1.25;0.0;0.0;0.0;0.0;7.1;0.0;1
124;HGFF11;Títulos e Val. Mob.;83.95;32240.0;0.5;0.62;1.81;3.56;7.36;0.6;0.59;0.61;3.56;-5.54;-4.96;-13.61;266183939.08;92.95;0.9;0.0;0.0;0.0;0.0;0.0;0.0;0
125;ARRI11;Títulos e Val. Mob.;107.53;20740.0;1.77;1.72;3.76;7.25;11.87;1.25;1.21;0.99;7.25;1.81;3.56;15.94;64588915.01;95.89;1.12;0.0;0.0;0.0;0.0;0.0;0.0;0
126;HGRU11;Híbrido;120.3;328570.0;0.9;0.77;1.91;3.52;6.73;0.64;0.59;0.56;3.52;-2.62;-1.87;-5.83;2163884197.45;117.56;1.02;0.0;0.0;0.0;0.0;0.0;0.0;16
127;HREC11;Títulos e Val. Mob.;100.25;250.0;1.08;1.07;2.92;4.42;0.0;0.97;0.74;0.0;4.42;-0.82;0.25;1.68;115420822.18;98.11;1.02;0.0;0.0;0.0;0.0;0.0;0.0;0
128;HSAF11;Títulos e Val. Mob.;100.0;25820.0;1.0;0.99;3.16;6.13;0.0;1.05;1.02;0.0;6.13;-0.91;0.07;14.07;170907618.09;96.36;1.04;0.0;0.0;0.0;0.0;0.0;0.0;0
129;JPPA11;Títulos e Val. Mob.;98.0;2580.0;1.05;1.07;3.16;5.83;9.63;1.05;0.97;0.8;5.83;-1.5;-0.45;4.96;63016274.7;104.34;0.94;0.0;0.0;0.0;0.0;0.0;0.0;0
130;JSRE11;Híbrido;91.71;139500.0;0.53;0.59;1.73;3.36;6.58;0.58;0.56;0.55;3.36;-2.15;-1.57;-7.46;2354869865.71;113.39;0.81;0.0;0.0;0.0;0.0;11.9;9.1;5
131;KNHY11;Títulos e Val. Mob.;107.08;99380.0;1.1;0.99;3.0;6.34;10.69;1.0;1.06;0.89;6.34;-0.6;0.38;5.45;1083254957.1;101.33;1.06;0.0;0.0;0.0;0.0;0.0;0.0;0
132;KFOF11;Títulos e Val. Mob.;91.7;37080.0;0.88;1.02;2.2;3.8;6.38;0.73;0.63;0.53;3.8;-6.75;-5.8;-12.69;455204278.12;100.41;0.91;0.0;0.0;0.0;0.0;0.0;0.0;0
133;KNRI11;Híbrido;140.1;247770.0;0.69;0.5;1.44;2.76;5.18;0.48;0.46;0.43;2.76;-3.56;-3.08;-10.84;3833230862.74;158.68;0.88;0.0;0.0;0.0;0.0;11.33;13.38;20
134;KNSC11;Títulos e Val. Mob.;102.26;265160.0;0.95;0.93;2.8;5.89;0.0;0.93;0.98;0.0;5.89;-1.52;-0.61;4.91;609038202.35;94.72;1.08;0.0;0.0;0.0;0.0;0.0;0.0;0
135;OUJP11;Títulos e Val. Mob.;99.0;75130.0;0.83;0.85;2.11;4.1;7.76;0.7;0.68;0.65;4.1;-4.18;-3.36;-5.59;335816504.46;103.25;0.96;0.0;0.0;0.0;0.0;0.0;0.0;0
136;PLCR11;Híbrido;93.43;59860.0;0.85;0.91;2.75;5.33;9.02;0.92;0.89;0.75;5.33;-0.6;0.31;3.89;205804632.29;97.58;0.96;0.82;-0.99;-0.18;1.67;0.0;0.0;0
137;PQAG11;Logística;59.92;280.0;0.37;0.61;1.72;3.25;0.0;0.57;0.54;0.0;3.25;-4.31;-3.73;-10.62;761036339.46;54.39;1.1;0.0;0.0;0.0;0.0;0.0;0.0;1
138;HGCR11;Títulos e Val. Mob.;105.46;151550.0;1.45;1.39;2.75;4.57;7.73;0.92;0.76;0.64;4.57;-3.41;-2.06;4.77;1278167991.36;103.31;1.02;0.0;0.0;0.0;0.0;0.0;0.0;0
139;RBHY11;Títulos e Val. Mob.;104.38;15340.0;1.25;1.22;1.22;0.0;0.0;0.41;0.0;0.0;1.22;0.0;1.22;1.22;61862338.69;103.1;1.01;0.0;0.0;0.0;0.0;0.0;0.0;0
140;PVBI11;Lajes Corporativas;95.95;276070.0;0.56;0.59;1.68;3.22;0.0;0.56;0.54;0.0;2.71;-0.69;-0.11;-0.72;937403918.87;96.44;0.99;0.0;0.0;0.0;0.0;0.0;0.0;3
141;MALL11;Shoppings;98.34;119430.0;0.5;0.52;1.39;3.05;5.66;0.46;0.51;0.47;3.05;-1.7;-1.18;-6.7;791439572.44;104.68;0.94;0.38;-0.33;0.05;1.12;3.0;0.0;7
142;RBVO11;Outros;12.41;2470.0;0.05;0.38;0.7;1.43;4.5;0.23;0.24;0.38;0.74;0.0;0.38;-20.24;11050429.66;21.42;0.58;0.0;0.0;0.0;0.0;0.0;0.0;0
143;RFOF11;Títulos e Val. Mob.;82.51;33630.0;0.61;0.74;2.25;4.42;8.13;0.75;0.74;0.68;4.42;0.54;1.28;-4.31;96126586.08;89.16;0.93;0.0;0.0;0.0;0.0;0.0;0.0;0
144;RNGO11;Lajes Corporativas;63.67;28630.0;0.37;0.6;1.79;3.59;7.32;0.6;0.6;0.61;3.59;-2.04;-1.46;-8.98;270865817.47;101.22;0.63;0.0;0.0;0.0;0.0;24.2;0.0;3
145;SADI11;Títulos e Val. Mob.;84.21;15210.0;0.32;0.38;0.94;1.68;3.09;0.31;0.28;0.26;1.68;1.07;1.45;12.25;319406825.28;100.44;0.84;0.0;0.0;0.0;0.0;0.0;0.0;0
146;PQDP11;Shoppings;2341.0;380.0;0.8;0.03;0.14;1.39;0.0;0.05;0.23;0.0;1.1;-16.45;-16.42;-14.96;867195308.31;3636.39;0.64;0.0;0.0;0.0;0.0;3.6;0.0;1
147;SPTW11;Lajes Corporativas;60.02;65650.0;2.52;4.63;6.8;15.22;21.06;2.27;2.54;1.75;15.22;11.52;16.69;-27.43;93568201.37;52.04;1.15;0.0;0.0;0.0;0.0;0.0;0.0;1
148;VCJR11;Títulos e Val. Mob.;98.01;32750.0;0.75;0.79;2.29;4.25;8.69;0.76;0.71;0.72;4.25;-6.62;-5.88;-5.81;1152165501.35;99.29;0.99;0.0;0.0;0.0;0.0;0.0;0.0;0
149;VILG11;Logística;117.8;456580.0;0.6;0.55;1.46;2.82;5.46;0.49;0.47;0.45;2.82;-6.82;-6.31;-7.31;1712539409.11;114.19;1.03;0.0;0.0;0.0;0.0;0.4;0.0;15
150;VISC11;Shoppings;111.63;176440.0;0.42;0.39;0.94;2.09;3.8;0.31;0.35;0.32;2.09;-1.93;-1.55;-6.46;1705672539.2;119.52;0.93;0.0;0.0;0.0;0.0;8.7;0.0;15
151;XPSF11;Outros;94.52;39070.0;0.75;0.8;2.5;4.81;9.28;0.83;0.8;0.77;4.81;-4.38;-3.62;2.39;401337388.51;92.68;1.02;0.0;0.0;0.0;0.0;0.0;0.0;0
152;RZTR11;Híbrido;98.21;260060.0;0.77;0.79;1.93;4.28;0.0;0.64;0.71;0.0;4.28;-4.21;-3.46;-5.39;1083824159.24;98.1;1.0;0.0;0.0;0.0;0.0;0.0;0.0;10
153;SCPF11;Shoppings;9.01;11630.0;0.01;0.06;0.2;1.59;0.0;0.07;0.26;0.0;0.74;0.0;0.06;-9.09;53208330.75;12.67;0.71;0.0;0.0;0.0;0.0;26.2;0.0;1
154;BCRI11;Títulos e Val. Mob.;115.0;109430.0;1.31;1.17;3.81;6.46;11.53;1.27;1.08;0.96;6.46;-2.86;-1.73;1.1;464020207.02;105.46;1.09;0.0;0.0;0.0;0.0;0.0;0.0;0
155;BRCO11;Logística;106.0;231400.0;0.54;0.54;1.52;2.97;5.66;0.51;0.49;0.47;2.97;-8.29;-7.8;-9.35;1602620953.09;108.44;0.98;0.0;0.0;0.0;0.0;5.9;5.1;10
156;FVPQ11;Shoppings;132.0;9800.0;0.43;0.34;1.72;0.0;0.0;0.57;0.0;0.0;1.72;0.0;0.34;-1.44;548434490.15;195.86;0.67;0.0;0.0;0.0;0.0;6.5;0.0;1
157;HAAA11;Lajes Corporativas;101.4;2000.0;0.52;0.52;1.55;0.0;0.0;0.52;0.0;0.0;2.06;-1.02;-0.51;0.44;260433878.31;96.1;1.06;0.0;0.0;0.0;0.0;3.0;0.0;1
158;HLOG11;Logística;111.69;8370.0;0.63;0.56;1.65;3.25;6.52;0.55;0.54;0.54;3.25;-0.84;-0.28;-2.15;507453457.78;119.4;0.94;0.0;0.0;0.0;0.0;13.0;0.0;3
159;CARE11;Híbrido;0.74;3432320.0;0.0;0.22;0.66;0.91;1.6;0.22;0.15;0.13;0.91;-1.27;-1.05;10.86;288226960.59;1.61;0.46;0.0;0.0;0.0;0.0;0.0;0.0;0
160;MBRF11;Outros;895.0;760.0;7.2;0.83;2.46;4.9;0.0;0.82;0.82;0.0;5.59;-1.74;-0.93;-7.45;116103986.52;1142.04;0.78;0.0;0.0;0.0;0.0;0.0;0.0;2
161;RCRB11;Lajes Corporativas;151.9;25310.0;0.75;0.52;1.56;3.07;6.04;0.52;0.51;0.5;3.55;-5.52;-5.03;-9.64;730924305.45;198.05;0.77;0.0;0.0;0.0;0.0;14.4;0.0;10
162;ONEF11;Lajes Corporativas;144.99;2300.0;0.73;0.52;1.43;2.76;0.0;0.48;0.46;0.0;3.2;-0.07;0.45;-0.83;146317021.91;160.61;0.9;0.0;0.0;0.0;0.0;0.0;0.0;1
163;QIFF11;Títulos e Val. Mob.;97.47;30.0;0.56;0.55;1.96;4.14;0.0;0.65;0.69;0.0;4.14;-2.78;-2.25;5.5;14008814.72;93.39;1.04;0.0;0.0;0.0;0.0;0.0;0.0;0
164;RBCO11;Lajes Corporativas;58.95;27280.0;0.37;0.65;1.9;3.83;7.21;0.63;0.64;0.6;3.83;-2.4;-1.77;-30.04;380688536.33;100.74;0.59;0.0;0.0;0.0;0.0;41.0;31.0;4
165;RBRS11;Híbrido;74.0;5850.0;0.4;0.56;1.63;3.0;0.0;0.54;0.5;0.0;3.0;-3.45;-2.91;-20.27;100766448.42;96.46;0.77;0.0;0.0;0.0;0.0;0.0;0.0;0
166;RDPD11;Títulos e Val. Mob.;71.0;100300.0;0.7;1.13;2.26;3.6;6.18;0.75;0.6;0.51;3.6;-26.39;-25.56;-24.17;76735767.54;71.18;1.0;0.0;0.0;0.0;0.0;0.0;0.0;0
167;XPLG11;Logística;112.0;381620.0;0.61;0.58;1.63;3.1;5.83;0.54;0.52;0.49;3.1;-7.0;-6.46;-10.13;2995160101.69;110.52;1.01;0.0;0.0;0.0;0.0;6.7;3.1;13
168;QAGR11;Outros;52.83;36890.0;0.38;0.73;2.17;4.27;6.88;0.72;0.71;0.57;3.78;-2.27;-1.55;0.08;301152498.61;59.75;0.88;0.0;0.0;0.0;0.0;0.0;0.0;12
169;RBRD11;Híbrido;57.16;9200.0;0.05;0.08;0.19;0.3;5.37;0.06;0.05;0.45;0.3;-1.65;-1.56;-19.88;132625901.91;71.62;0.8;0.0;0.0;0.0;0.0;31.72;0.0;4
170;GGRC11;Logística;123.3;109110.0;0.88;0.75;1.86;3.52;6.5;0.62;0.59;0.54;3.52;-2.46;-1.72;-13.92;966425568.63;124.56;0.99;0.0;0.0;0.0;0.0;0.0;0.0;15
171;CRFF11;Títulos e Val. Mob.;73.43;1610.0;0.37;0.51;1.78;3.53;6.56;0.59;0.59;0.55;3.53;-1.36;-0.86;-8.97;61365398.38;88.93;0.83;0.0;0.0;0.0;0.0;0.0;0.0;0
172;CXRI11;Híbrido;74.3;13070.0;0.36;0.43;1.62;3.33;6.08;0.54;0.56;0.51;3.33;-13.12;-12.75;-24.35;143766078.73;91.24;0.81;0.0;0.0;0.0;0.0;0.0;0.0;0
173;BLMR11;Títulos e Val. Mob.;83.31;73800.0;0.65;0.81;2.34;0.0;0.0;0.78;0.0;0.0;3.45;-3.46;-2.68;-9.26;232833007.62;91.16;0.91;0.0;0.0;0.0;0.0;0.0;0.0;0
174;FATN11;Híbrido;100.49;10070.0;0.67;0.67;1.98;3.91;7.26;0.66;0.65;0.61;3.91;-2.35;-1.7;3.86;70356059.44;107.78;0.93;0.0;0.0;0.0;0.0;0.0;0.0;7
175;BREV11;Híbrido;115.99;10.0;0.74;0.64;1.67;2.69;0.0;0.56;0.45;0.0;2.69;8.9;9.6;3.6;98185654.03;105.2;1.1;0.0;0.0;0.0;0.0;0.0;0.0;12
176;FLMA11;Híbrido;136.01;11550.0;0.5;0.37;0.89;2.09;3.56;0.3;0.35;0.3;2.09;-2.41;-2.05;4533.54;214739933.89;155.53;0.87;0.0;0.0;0.0;0.0;6.0;0.0;2
177;MAXR11;Outros;83.0;18120.0;0.4;0.48;1.5;3.39;7.75;0.5;0.56;0.65;2.76;-10.52;-10.09;-95.48;132504820.48;117.71;0.71;0.0;0.0;0.0;0.0;0.0;0.0;8
178;BRCR11;Híbrido;81.97;286000.0;0.46;0.57;1.66;3.32;6.48;0.55;0.55;0.54;2.77;-3.23;-2.68;-2.41;2860888100.33;107.4;0.76;0.0;0.0;0.0;0.0;23.6;10.2;14
179;SEQR11;Outros;82.0;37700.0;0.67;0.81;2.38;0.0;0.0;0.79;0.0;0.0;3.12;3.53;4.36;-6.3;157879312.0;106.53;0.77;0.0;0.0;0.0;0.0;0.0;0.0;0
180;BLMG11;Outros;102.84;49610.0;0.9;0.9;2.7;0.0;0.0;0.9;0.0;0.0;4.08;-1.07;-0.18;-0.8;379648621.85;99.63;1.03;0.0;0.0;0.0;0.0;0.0;0.0;1
181;HCTR11;Outros;136.03;433660.0;1.7;1.24;4.01;8.11;17.33;1.34;1.35;1.44;8.11;-0.77;0.45;-4.14;1697282920.93;116.57;1.17;0.0;0.0;0.0;0.0;0.0;0.0;0
182;DEVA11;Títulos e Val. Mob.;104.02;273450.0;1.11;1.05;3.29;7.03;0.0;1.1;1.17;0.0;7.03;-3.81;-2.8;-21.18;1094095062.23;99.94;1.04;0.0;0.0;0.0;0.0;0.0;0.0;0
183;RBRL11;Logística;106.5;51900.0;0.76;0.73;1.97;3.69;7.48;0.66;0.62;0.62;3.69;-2.9;-2.19;-0.39;720207810.79;107.7;0.99;0.0;0.0;0.0;0.0;0.0;0.0;7
184;MGFF11;Títulos e Val. Mob.;78.72;108440.0;0.55;0.71;2.07;4.31;7.84;0.69;0.72;0.65;4.31;-7.37;-6.72;-6.59;749842707.48;82.85;0.95;0.0;0.0;0.0;0.0;0.0;0.0;0
185;RBRP11;Outros;82.52;234810.0;0.35;0.44;1.14;2.78;6.42;0.38;0.46;0.53;2.78;-6.4;-6.0;-15.81;1042431997.69;85.59;0.96;0.0;0.0;0.0;0.0;10.0;7.0;15
186;FAED11;Outros;162.96;12520.0;1.13;0.77;2.18;4.2;7.87;0.73;0.7;0.66;4.2;-4.81;-4.07;-22.39;137369055.33;213.91;0.76;0.0;0.0;0.0;0.0;0.0;0.0;3
187;CEOC11;Lajes Corporativas;69.41;1720.0;0.46;0.67;1.96;3.89;7.44;0.65;0.65;0.62;3.89;0.59;1.26;-0.16;156996079.15;86.47;0.8;0.0;0.0;0.0;0.0;0.0;0.0;1
188;BCFF11;Títulos e Val. Mob.;81.9;358860.0;0.45;0.56;1.72;3.59;6.82;0.57;0.6;0.57;3.59;-6.98;-6.45;-10.37;2130516253.11;84.48;0.97;0.59;1.53;2.13;2.32;0.0;0.0;0
189;FEXC11;Títulos e Val. Mob.;90.47;70490.0;0.66;0.73;2.5;5.19;8.35;0.83;0.86;0.7;5.19;-6.74;-6.07;0.98;567938321.66;93.05;0.97;0.0;0.0;0.0;0.0;0.0;0.0;0
190;BTCR11;Títulos e Val. Mob.;93.8;100140.0;0.73;0.77;2.23;4.24;7.16;0.74;0.71;0.6;4.24;0.83;1.61;10.18;468152081.69;97.33;0.96;0.0;0.0;0.0;0.0;0.0;0.0;0
191;RECT11;Híbrido;80.48;132590.0;0.6;0.76;2.26;4.52;9.06;0.75;0.75;0.75;4.52;-2.66;-1.92;-14.25;761018357.05;93.04;0.86;0.0;0.0;0.0;0.0;33.2;0.0;8
192;TORD11;Outros;10.29;912790.0;0.08;0.81;2.42;5.32;11.72;0.81;0.89;0.98;5.32;-4.15;-3.38;-10.74;368897889.28;10.52;0.98;0.0;0.0;0.0;0.0;0.0;0.0;0
193;RECR11;Títulos e Val. Mob.;105.01;539180.0;1.2;1.16;3.32;6.39;13.25;1.11;1.06;1.1;6.39;0.2;1.36;-0.71;1855452501.8;95.74;1.1;0.0;0.0;0.0;0.0;0.0;0.0;0
194;VSLH11;Outros;10.41;686780.0;0.09;0.85;4.02;0.0;0.0;1.34;0.0;0.0;5.22;6.54;7.45;16.59;119177664.28;9.93;1.05;0.0;0.0;0.0;0.0;0.0;0.0;0
195;RELG11;Híbrido;91.08;21940.0;0.7;0.76;2.17;4.44;0.0;0.72;0.74;0.0;4.44;-5.8;-5.08;-2.36;128733540.44;96.46;0.94;0.0;0.0;0.0;0.0;15.5;15.5;3
196;BMLC11;Lajes Corporativas;92.0;510.0;0.66;0.74;1.92;3.57;7.36;0.64;0.6;0.61;3.57;-0.64;0.1;-3.42;106667820.94;106.84;0.86;0.0;0.0;0.0;0.0;5.4;0.0;2
197;CPFF11;Híbrido;81.98;96720.0;0.8;0.98;2.93;5.74;9.16;0.98;0.96;0.76;5.74;-3.24;-2.29;1.32;325884515.48;82.01;1.0;0.0;0.0;0.0;0.0;0.0;0.0;0
198;RVBI11;Títulos e Val. Mob.;91.81;35870.0;0.72;0.8;2.33;4.6;8.66;0.78;0.77;0.72;4.6;-5.45;-4.69;-2.52;131071384.56;91.02;1.01;0.0;0.0;0.0;0.0;0.0;0.0;0
199;CVBI11;Títulos e Val. Mob.;103.63;414940.0;1.0;0.95;2.85;5.93;12.4;0.95;0.99;1.03;5.93;0.1;1.05;2.47;595317841.23;99.94;1.04;0.0;0.0;0.0;0.0;0.0;0.0;0
200;THRA11;Lajes Corporativas;138.5;4770.0;44.2;31.91;32.57;33.13;35.56;10.86;5.52;2.96;33.45;0.44;32.49;40.55;167623420.09;113.82;1.22;0.13;-0.12;0.01;0.6;17.42;0.0;1
201;IRDM11;Títulos e Val. Mob.;117.65;1143520.0;0.97;0.75;2.45;5.16;10.83;0.82;0.86;0.9;5.16;-1.3;-0.56;-6.89;2139700639.92;97.26;1.21;0.0;0.0;0.0;0.0;0.0;0.0;0
202;RBRR11;Títulos e Val. Mob.;99.3;323380.0;0.96;0.95;2.45;4.41;7.6;0.82;0.73;0.63;4.41;-0.89;0.06;9.33;759871469.18;99.48;1.0;0.0;0.0;0.0;0.0;0.0;0.0;0
203;RBRF11;Títulos e Val. Mob.;84.29;186930.0;0.6;0.74;2.07;3.97;8.21;0.69;0.66;0.68;3.97;-7.89;-7.2;-15.11;1257991638.81;91.95;0.92;0.65;0.34;1.0;1.0;0.0;0.0;0
204;RBRY11;Títulos e Val. Mob.;102.82;34250.0;1.08;1.06;2.45;4.53;8.51;0.82;0.75;0.71;4.53;-1.72;-0.68;0.4;354387923.26;104.32;0.99;0.0;0.0;0.0;0.0;0.0;0.0;0
205;IBFF11;Títulos e Val. Mob.;68.96;65710.0;0.34;0.49;1.71;3.28;6.51;0.57;0.55;0.54;3.28;0.43;0.93;-9.19;53986138.11;80.98;0.85;0.0;0.0;0.0;0.0;0.0;0.0;0
206;CPTS11;Títulos e Val. Mob.;99.59;1575290.0;1.0;0.99;3.02;6.06;11.29;1.01;1.01;0.94;6.06;0.15;1.14;4.31;2033959001.79;95.06;1.05;0.0;0.0;0.0;0.0;0.0;0.0;0
207;VGIP11;Outros;102.36;133730.0;0.95;0.93;2.79;5.61;11.52;0.93;0.93;0.96;5.61;-3.32;-2.42;-5.67;514430345.26;95.66;1.07;0.0;0.0;0.0;0.0;0.0;0.0;0
208;MGHT11;Hotel;96.0;880.0;0.6;0.62;2.17;4.1;7.4;0.72;0.68;0.62;4.1;-0.47;0.14;0.77;103608255.03;98.86;0.97;0.0;0.0;0.0;0.0;0.0;0.0;0
209;VGIR11;Títulos e Val. Mob.;93.25;64120.0;0.65;0.72;1.82;3.36;6.41;0.61;0.56;0.53;3.36;-1.37;-0.66;4.89;436095972.9;96.77;0.96;0.0;0.0;0.0;0.0;0.0;0.0;0
210;TRNT11;Lajes Corporativas;130.0;1340.0;0.81;0.55;1.1;1.81;3.41;0.37;0.3;0.28;1.81;-1.22;-0.67;-3.46;815933561.16;207.32;0.63;0.0;0.0;0.0;0.0;51.5;0.0;1
211;MCCI11;Títulos e Val. Mob.;103.0;207770.0;1.0;0.97;2.53;4.56;8.08;0.84;0.76;0.67;4.56;0.0;0.97;4.6;885932304.42;99.24;1.04;0.0;0.0;0.0;0.0;0.0;0.0;0
213;GCRI11;Títulos e Val. Mob.;100.4;32510.0;1.01;1.0;0.0;0.0;0.0;0.0;0.0;0.0;2.89;-1.13;-0.15;2.0;87076265.78;101.18;0.99;0.0;0.0;0.0;0.0;0.0;0.0;0
214;WTSP11B;Híbrido;44.89;140.0;0.25;0.55;1.4;2.18;3.73;0.47;0.36;0.31;2.18;2.2;2.76;-10.16;79032278.81;79.62;0.56;0.0;0.0;0.0;0.0;0.0;0.0;0
215;OULG11;Outros;70.58;13340.0;0.5;0.7;2.12;4.15;8.27;0.71;0.69;0.69;4.15;-0.83;-0.14;-3.13;230732500.99;92.99;0.76;0.0;0.0;0.0;0.0;0.0;0.0;2
216;OUFF11;Títulos e Val. Mob.;81.75;15710.0;0.65;0.79;2.39;4.6;8.37;0.8;0.77;0.7;4.6;-2.59;-1.82;-1.31;154190063.7;84.98;0.96;0.0;0.0;0.0;0.0;0.0;0.0;0
217;OURE11;Títulos e Val. Mob.;90.01;20480.0;0.97;1.08;2.88;5.04;9.76;0.96;0.84;0.81;5.04;1.59;2.69;-0.43;81665559.54;98.17;0.92;0.0;0.0;0.0;0.0;0.0;0.0;0
218;NAVT11;Títulos e Val. Mob.;83.88;35150.0;0.35;0.42;0.0;0.0;0.0;0.0;0.0;0.0;1.07;-8.17;-7.79;-7.19;99247563.36;94.12;0.89;0.0;0.0;0.0;0.0;0.0;0.0;0
219;MORE11;Títulos e Val. Mob.;88.38;50390.0;0.61;0.68;2.12;3.68;8.6;0.71;0.61;0.72;3.68;0.2;0.88;-15.76;225352792.68;97.17;0.91;0.0;0.0;0.0;0.0;0.0;0.0;0
220;BLCP11;Outros;99.5;10.0;0.63;0.67;1.81;3.82;0.0;0.6;0.64;0.0;3.82;-5.43;-4.8;-7.3;196742723.49;102.37;0.97;0.0;0.0;0.0;0.0;0.0;0.0;2
221;GCFF11;Títulos e Val. Mob.;88.5;2020.0;0.7;0.78;2.62;5.36;0.0;0.87;0.89;0.0;5.36;-7.23;-6.51;1.02;32379342.98;95.63;0.93;0.0;0.0;0.0;0.0;0.0;0.0;0
222;MGCR11;Títulos e Val. Mob.;91.57;29760.0;0.79;0.84;2.44;5.01;0.0;0.81;0.83;0.0;5.01;-5.33;-4.54;2.84;134876155.28;94.83;0.97;0.0;0.0;0.0;0.0;0.0;0.0;0
223;RZAK11;Títulos e Val. Mob.;100.0;245120.0;1.04;1.04;3.04;3.56;0.0;1.01;0.59;0.0;3.56;6.07;7.17;3.7;290776939.17;96.87;1.03;0.0;0.0;0.0;0.0;0.0;0.0;0
224;ARCT11;Híbrido;104.29;23150.0;0.9;0.86;2.14;8.8;16.78;0.71;1.47;1.4;8.8;-3.22;-2.39;-17.32;164991794.92;103.28;1.01;0.0;0.0;0.0;0.0;0.0;0.0;2
225;FISC11;Lajes Corporativas;165.0;2000.0;0.09;0.0;0.0;0.0;0.0;0.0;0.0;0.0;0.0;0.0;0.0;0.0;254740992.29;155.06;1.06;0.0;0.0;0.0;0.0;0.0;0.0;0
226;BTLG11;Logística;111.0;489600.0;0.7;0.61;1.85;3.45;6.43;0.62;0.57;0.54;3.45;1.16;1.78;0.1;1306865918.9;100.65;1.1;0.7;-0.23;0.47;1.42;0.0;0.0;15
227;RECX11;Outros;96.0;7190.0;1.04;1.06;0.0;0.0;0.0;0.0;0.0;0.0;2.96;4.07;5.17;1.93;17924585.06;90.46;1.06;0.0;0.0;0.0;0.0;0.0;0.0;0
228;SNFF11;Títulos e Val. Mob.;100.25;97140.0;0.41;0.41;0.0;0.0;0.0;0.0;0.0;0.0;0.52;-2.21;-1.81;1.53;250000000.0;100.0;1.0;0.0;0.0;0.0;0.0;0.0;0.0;0
229;CORM11;Híbrido;108.99;170.0;1.13;1.03;0.0;0.0;0.0;0.0;0.0;0.0;1.03;0.0;1.03;1.03;91005210.32;99.21;1.1;0.0;0.0;0.0;0.0;0.0;0.0;0
230;BLMC11;Outros;101.5;10.0;0.62;0.61;1.37;0.0;0.0;0.46;0.0;0.0;1.37;0.49;1.1;1.87;29577898.64;102.17;0.99;0.0;0.0;0.0;0.0;0.0;0.0;0
231;XPML11;Shoppings;101.98;687370.0;0.52;0.48;1.15;1.84;3.63;0.38;0.31;0.3;1.84;1.94;2.44;-2.73;2001282055.7;109.91;0.93;0.0;0.0;0.0;0.0;5.9;0.0;13
232;ALZR11;Logística;124.26;87140.0;0.62;0.49;1.59;2.91;4.96;0.53;0.49;0.41;2.91;5.65;6.18;-0.6;459134472.74;102.5;1.21;0.0;0.0;0.0;0.0;0.0;0.0;13
233;FCFL11;Outros;111.95;18670.0;0.7;0.63;1.77;3.37;6.26;0.59;0.56;0.52;3.37;0.89;1.52;1.84;352507145.84;101.47;1.1;0.0;0.0;0.0;0.0;0.0;0.0;1
234;XPIN11;Outros;101.0;91870.0;0.64;0.64;1.83;3.48;6.68;0.61;0.58;0.56;3.48;-6.05;-5.45;-10.44;730767593.24;110.95;0.91;0.0;0.0;0.0;0.0;9.9;0.0;5
235;RBBV11;Títulos e Val. Mob.;100.0;64170.0;4.98;0.0;0.0;0.0;0.0;0.0;0.0;0.0;0.0;0.0;0.0;36.66;126470249.69;100.84;0.99;0.0;0.0;0.0;0.0;0.0;0.0;1
236;EQIN11;Títulos e Val. Mob.;95.48;13090.0;0.87;0.92;2.55;5.34;8.64;0.85;0.89;0.72;5.34;-0.01;0.91;-5.49;134192234.05;93.06;1.03;0.0;0.0;0.0;0.0;0.0;0.0;0
240;ERCR11;Híbrido;77550.0;1140.0;1.09;0.0;0.0;0.0;0.0;0.0;0.0;0.0;1.0;0.0;0.0;1.0;196172390.82;82564.14;0.94;0.0;0.0;0.0;0.0;0.0;0.0;0
241;BTAL11;Outros;101.34;78230.0;0.66;0.66;1.68;0.0;0.0;0.56;0.0;0.0;2.02;-0.28;0.38;-1.13;601581817.76;100.55;1.01;0.0;0.0;0.0;0.0;0.0;0.0;7
242;FLRP11;Shoppings;1311.88;10.0;4.4;0.34;0.98;2.37;4.09;0.33;0.39;0.34;2.37;-1.96;-1.63;1.37;107462666.75;1647.39;0.8;0.0;0.0;0.0;0.0;2.17;0.0;1
243;CNES11;Lajes Corporativas;40.4;1570.0;0.06;0.16;0.47;1.19;3.61;0.16;0.2;0.3;1.19;-2.4;-2.25;-21.32;257473314.39;87.3;0.46;0.0;0.0;0.0;0.0;55.7;0.0;1
244;AFHI11;Títulos e Val. Mob.;94.47;41660.0;0.9;0.94;0.0;0.0;0.0;0.0;0.0;0.0;1.57;0.0;0.94;1.58;172958956.83;96.75;0.98;0.0;0.0;0.0;0.0;0.0;0.0;0
245;EDGA11;Lajes Corporativas;27.8;15220.0;0.3;1.07;2.12;3.66;0.0;0.71;0.61;0.0;3.66;3.85;4.96;-7.11;300289821.16;78.77;0.35;0.0;0.0;0.0;0.0;46.3;0.0;1
